<?xml version="1.0" encoding="UTF-8"?>
<project-private xmlns="http://www.netbeans.org/ns/project-private/1">
    <editor-bookmarks xmlns="http://www.netbeans.org/ns/editor-bookmarks/2" lastBookmarkId="0"/>
    <open-files xmlns="http://www.netbeans.org/ns/projectui-open-files/2">
        <group>
            <file>file:/C:/Program%20Files/NetBeans%208.1/AppliedSoftwarePractice/QueryConsolidatorFXML/src/css/QC.css</file>
            <file>file:/C:/Program%20Files/NetBeans%208.1/AppliedSoftwarePractice/QueryConsolidatorFXML/src/queryconsolidatorfxml/ClientUsageTable.fxml</file>
            <file>file:/C:/Program%20Files/NetBeans%208.1/AppliedSoftwarePractice/QueryConsolidatorFXML/src/queryconsolidatorfxml/WeeklyRunInfoTable.fxml</file>
            <file>file:/C:/Program%20Files/NetBeans%208.1/AppliedSoftwarePractice/QueryConsolidatorFXML/src/queryconsolidatorfxml/SceneController.java</file>
            <file>file:/C:/Program%20Files/NetBeans%208.1/AppliedSoftwarePractice/QueryConsolidatorFXML/src/queryconsolidatorfxml/WeeklyRunInfoData.java</file>
            <file>file:/C:/Program%20Files/NetBeans%208.1/AppliedSoftwarePractice/QueryConsolidatorFXML/src/queryconsolidatorfxml/ClientUsageTableController.java</file>
            <file>file:/C:/Program%20Files/NetBeans%208.1/AppliedSoftwarePractice/QueryConsolidatorFXML/src/queryconsolidatorfxml/WeeklyRunInfo.fxml</file>
            <file>file:/C:/Program%20Files/NetBeans%208.1/AppliedSoftwarePractice/QueryConsolidatorFXML/src/queryconsolidatorfxml/UserInfoController.java</file>
            <file>file:/C:/Program%20Files/NetBeans%208.1/AppliedSoftwarePractice/QueryConsolidatorFXML/src/queryconsolidatorfxml/UserInfoTableController.java</file>
            <file>file:/C:/Program%20Files/NetBeans%208.1/AppliedSoftwarePractice/QueryConsolidatorFXML/src/queryconsolidatorfxml/UserInfoData.java</file>
            <file>file:/C:/Program%20Files/NetBeans%208.1/AppliedSoftwarePractice/QueryConsolidatorFXML/src/queryconsolidatorfxml/WeeklyRunInfoTableController.java</file>
            <file>file:/C:/Program%20Files/NetBeans%208.1/AppliedSoftwarePractice/QueryConsolidatorFXML/src/queryconsolidatorfxml/Verify.java</file>
            <file>file:/C:/Program%20Files/NetBeans%208.1/AppliedSoftwarePractice/QueryConsolidatorFXML/src/queryconsolidatorfxml/WeeklyRunInfoController.java</file>
            <file>file:/C:/Program%20Files/NetBeans%208.1/AppliedSoftwarePractice/QueryConsolidatorFXML/src/queryconsolidatorfxml/MainSceneController.java</file>
            <file>file:/C:/Program%20Files/NetBeans%208.1/AppliedSoftwarePractice/QueryConsolidatorFXML/src/queryconsolidatorfxml/ClientUsageController.java</file>
            <file>file:/C:/Program%20Files/NetBeans%208.1/AppliedSoftwarePractice/QueryConsolidatorFXML/src/queryconsolidatorfxml/QueryConsolidatorFXML.java</file>
            <file>file:/C:/Program%20Files/NetBeans%208.1/AppliedSoftwarePractice/QueryConsolidatorFXML/src/queryconsolidatorfxml/ClientUsageData.java</file>
        </group>
    </open-files>
</project-private>
